id;title;description;event_media_type;storage_type;file_url;file_data;file_data_content_type;content_type;file_size;is_public;event_flyer;is_event_management_official_document;created_at;updated_at
1;poorly or smoke;strictly ah;ranch be;publicize inasmuch;whoever;../fake-data/blob/hipster.png;image/png;but;14210;true;false;false;2025-05-10T03:41:03;2025-05-10T16:04:18
2;tan;whopping;furthermore miserably;yuck;via oh;../fake-data/blob/hipster.png;image/png;anchor;13354;false;true;false;2025-05-11T02:06:10;2025-05-10T15:41:56
3;pish certainly;dob well-documented before;residue electronics discomfit;roasted whoa helpful;though landscape;../fake-data/blob/hipster.png;image/png;aboard;8372;true;true;false;2025-05-10T10:58:59;2025-05-11T00:20:37
4;ah;stalk lanky notepad;black-and-white gosh;or worry yuck;brewer proud shrilly;../fake-data/blob/hipster.png;image/png;playfully foolishly;26283;false;true;false;2025-05-10T06:31:15;2025-05-10T08:52:10
5;wherever colloquy;pith cadet;even;duh repossess;qua bitten;../fake-data/blob/hipster.png;image/png;next;7865;true;false;true;2025-05-11T01:15:56;2025-05-10T23:20:48
6;babyish hence till;sardonic uh-huh;rich;woozy;streetcar;../fake-data/blob/hipster.png;image/png;pillbox apprehensive;31716;false;true;true;2025-05-10T10:57:48;2025-05-10T04:42:33
7;sidle;so;cooperative abaft;despite;excellent daisy unexpectedly;../fake-data/blob/hipster.png;image/png;ah;23333;false;true;true;2025-05-10T07:19:29;2025-05-10T03:38:00
8;dearly blah madam;upset gleefully;likewise;destabilise;loyally;../fake-data/blob/hipster.png;image/png;for;27269;false;false;false;2025-05-10T13:59:46;2025-05-10T19:13:10
9;dirty meanwhile;unless;cradle;equally plus behind;lest perm;../fake-data/blob/hipster.png;image/png;but;29204;false;false;true;2025-05-10T21:43:42;2025-05-10T06:17:17
10;oof;hm whoever;when instead barrier;excitedly anti fooey;absent fast awful;../fake-data/blob/hipster.png;image/png;horn bah frantically;21295;true;true;false;2025-05-10T02:42:01;2025-05-10T02:41:30
